FileName,DateTaken,Path,bread,meat,dressing,egg,vegetable,cheese,price_bread,price_meat,price_dressing,price_egg,price_vegetable,price_cheese,price
IMG_0003.jpg,2025:09:02 20:21:36,https://drive.google.com/file/d/1YpgOkGmOx0_4fUGTcEE_5bjkdX6XQ2vC/view?usp=drivesdk,basic,burger beef,katsu,TRUE,basic,FALSE,0.21,0.81,0.11,0.14,0.16,0.00,1.44
IMG_0006.jpg,2025:09:03 13:31:35,https://drive.google.com/file/d/1dAGv1wqvqls7mkI4fr5nV16fFkIay8x-/view?usp=drivesdk,basic,burger beef,katsu,TRUE,basic,FALSE,0.21,0.81,0.11,0.14,0.16,0.00,1.44
IMG_0008.jpg,2025:09:04 14:33:58,https://drive.google.com/file/d/1SJj16AudCq25EtfSo7kDcRQdLaeX1X5I/view?usp=drivesdk,basic,burger beef,katsu,TRUE,basic,FALSE,0.21,0.81,0.11,0.14,0.16,0.00,1.44
IMG_0010.jpg,2025:09:06 14:35:00,,basic,slicedchicken,katsu,TRUE,basic,TRUE,0.21,0.50,0.11,0.14,0.16,0.14,1.26
IMG_5518.jpg,2024:10:01 18:45:43,https://drive.google.com/file/d/1qicRqDVbv57xTqJa1ETRqvCbpm3OTOhb/view?usp=drivesdk,baton,ham,garlicherb,FALSE,with_tomatoes,FALSE,0.13,0.32,0.08,0.00,0.24,0.00,0.76
IMG_5533.jpg,2024:10:02 18:46:44,https://drive.google.com/file/d/1QhnIas0guuTNI6a7_kEWyvltHSbREgzf/view?usp=drivesdk,baton,brisket,garlicherb,FALSE,with_tomatoes,FALSE,0.13,0.44,0.08,0.00,0.24,0.00,0.88
IMG_5545.jpg,2024:10:03 08:03:57,https://drive.google.com/file/d/1s8foMTDF3pFy0ui8ugXjHAQDpogSAVS7/view?usp=drivesdk,baton,brisket,garlicherb,FALSE,with_tomatoes,TRUE,0.13,0.44,0.08,0.00,0.24,0.14,1.02
IMG_5554.jpg,2024:10:03 20:23:27,https://drive.google.com/file/d/1Dh6Mzp1YgdUf9WcSOoq1eb-aEBYa0Tnt/view?usp=drivesdk,baton,brisket,garlicherb,FALSE,with_tomatoes,FALSE,0.13,0.44,0.08,0.00,0.24,0.00,0.88
IMG_5558.jpg,2024:10:04 12:31:36,https://drive.google.com/file/d/108utRbB0KdSxKsZlZWWq6072h5xAEhYL/view?usp=drivesdk,burgerbun,ham,garlicherb,FALSE,with_tomatoes,FALSE,0.25,0.32,0.08,0.00,0.24,0.00,0.88
IMG_5620.jpg,2024:10:05 17:48:19,https://drive.google.com/file/d/1Kuo12AHVGz2zeMORXR4ERGjLPShAM2XJ/view?usp=drivesdk,burgerbun,brisket,garlicherb,FALSE,basic,FALSE,0.25,0.44,0.08,0.00,0.16,0.00,0.92
IMG_5629.jpg,2024:10:06 15:37:57,https://drive.google.com/file/d/1MHhKNzMvsF83GYI-1W-fmeODoDoend7g/view?usp=drivesdk,baton,sausage,garlicherb,TRUE,with_tomatoes,FALSE,0.13,0.55,0.08,0.14,0.24,0.00,1.13
IMG_5644.jpg,2024:10:08 08:09:36,https://drive.google.com/file/d/1wQSQG5eu02S5hAyHcQv8Zza0lGzfMsOR/view?usp=drivesdk,baton,sausage,,FALSE,,TRUE,0.13,0.55,0.00,0.00,0.00,0.14,0.82
IMG_5658.jpg,2024:10:08 16:11:17,https://drive.google.com/file/d/1znXUmhp1xDYt_Wgr_wRdBDfpJbaI4o7K/view?usp=drivesdk,baton,sausage,,TRUE,,TRUE,0.13,0.55,0.00,0.14,0.00,0.14,0.96
IMG_5718.jpg,2024:10:14 10:03:18,https://drive.google.com/file/d/1DpKPV4TTitl3jhhOUOXCIbgmrdQA_wI3/view?usp=drivesdk,ciabatta,salami-pepperoni-chorizo,,TRUE,,FALSE,0.25,0.22,0.00,0.14,0.00,0.00,0.61
IMG_5720.jpg,2024:10:15 09:15:56,https://drive.google.com/file/d/1tT2mCu4wVFKEkkfTbtTLkZ3IUEECRrMN/view?usp=drivesdk,ciabatta,salami-pepperoni-chorizo,garlicherb,FALSE,basic,FALSE,0.25,0.22,0.08,0.00,0.16,0.00,0.70
IMG_5727.jpg,2024:10:16 11:25:37,https://drive.google.com/file/d/1C3_jagMlboJCKFbNR_6JauA0G5c0vi76/view?usp=drivesdk,ciabatta,prosciutto,garlicherb,TRUE,basic,FALSE,0.25,0.35,0.08,0.14,0.16,0.00,0.98
IMG_5729.jpg,2024:10:16 19:00:53,https://drive.google.com/file/d/1CvWzBvitAuHmyib01WuReDXyN0rNcSVi/view?usp=drivesdk,crumpet,prosciutto,garlicherb,FALSE,with_tomatoes,FALSE,0.13,0.35,0.08,0.00,0.24,0.00,0.79
IMG_5739.jpg,2024:10:18 11:57:10,https://drive.google.com/file/d/1uT7P_D8gKKeOePkHUejOD9NwoKMebiSX/view?usp=drivesdk,crumpet,sausage,cheese,FALSE,basic,FALSE,0.13,0.55,0.10,0.00,0.16,0.00,0.94
IMG_5763.jpg,2024:10:19 19:07:42,https://drive.google.com/file/d/1J0yypXgT4R3q-ZCb7R8H6aL5duGVzq5A/view?usp=drivesdk,croissant,,,TRUE,basic,FALSE,0.40,0.00,0.00,0.14,0.16,0.00,0.70
IMG_5770.jpg,2024:10:20 12:32:06,https://drive.google.com/file/d/1We1Yxo7IGWvnF8kFrKTed0Dc1kEHHuFR/view?usp=drivesdk,croissant,sausage,,TRUE,basic,FALSE,0.40,0.55,0.00,0.14,0.16,0.00,1.25
IMG_5774.jpg,2024:10:20 19:44:31,https://drive.google.com/file/d/1XL15kfg2bPCiw1S8vEdpLSzc6rCwREwu/view?usp=drivesdk,croissant,salami-pepperoni-chorizo,,FALSE,with_tomatoes,FALSE,0.40,0.22,0.00,0.00,0.24,0.00,0.85
IMG_5775.jpg,2024:10:21 11:43:58,https://drive.google.com/file/d/1ZW--tSeNI4zkK-_FqCmsxziWhEOoaGQo/view?usp=drivesdk,croissant,prosciutto,,FALSE,with_tomatoes,FALSE,0.40,0.35,0.00,0.00,0.24,0.00,0.98
IMG_5780.jpg,2024:10:22 09:30:10,https://drive.google.com/file/d/1kDFkq611r8s-wtLGl9NI2jCsrHhrXp4M/view?usp=drivesdk,baton,prosciutto,creamcheese,FALSE,with_tomatoes,FALSE,0.13,0.35,0.04,0.00,0.24,0.00,0.76
IMG_5798.jpg,2024:10:24 10:53:07,https://drive.google.com/file/d/1WIFhHrsYlx8Fasw5wH_dSNYS3E3WPfsj/view?usp=drivesdk,sourdough,salmon,creamcheese,FALSE,with_tomatoes,FALSE,0.45,0.60,0.04,0.00,0.24,0.00,1.33
IMG_5815.jpg,2024:10:26 09:32:41,https://drive.google.com/file/d/16R0EqwjM5LwCn7Ut98beMnoMDdba71Og/view?usp=drivesdk,sourdough,salmon,creamcheese,FALSE,with_tomatoes,FALSE,0.45,0.60,0.04,0.00,0.24,0.00,1.33
IMG_5843.jpg,2024:10:27 09:06:04,https://drive.google.com/file/d/15LZ1N86MSkhBo9CTB2E0kmrzd7oSucXs/view?usp=drivesdk,sourdough,salmon,greenpesto,FALSE,basic,FALSE,0.45,0.60,0.06,0.00,0.16,0.00,1.27
IMG_5854.jpg,2024:10:28 11:01:37,https://drive.google.com/file/d/1F9H0Uxxdz0EO0mboaITACEFY2s-_ViGn/view?usp=drivesdk,croissant,salami-pepperoni-chorizo,greenpesto,FALSE,basic,TRUE,0.40,0.22,0.06,0.00,0.16,0.14,0.97
IMG_5858.jpg,2024:10:29 09:40:19,https://drive.google.com/file/d/1wUTkQpC3pwuTN-JZyEvhLKq7gK3KFs5L/view?usp=drivesdk,croissant,salmon,greenpesto,FALSE,basic,FALSE,0.40,0.60,0.06,0.00,0.16,0.00,1.21
IMG_5861.jpg,2024:10:30 09:18:11,https://drive.google.com/file/d/1SJ9kPDFye5nuR1JoTBcVloUk9xAwSYRl/view?usp=drivesdk,croissant,salami-pepperoni-chorizo,greenpesto,FALSE,basic,FALSE,0.40,0.22,0.06,0.00,0.16,0.00,0.83
IMG_5872.jpg,2024:11:01 08:14:25,https://drive.google.com/file/d/18NY-ZejMe0jY4ZyrnqtcezJgmKTMjkNN/view?usp=drivesdk,basic,salami-pepperoni-chorizo,greenpesto,FALSE,basic,FALSE,0.21,0.22,0.06,0.00,0.16,0.00,0.64
IMG_5895.jpg,2024:11:03 16:32:51,https://drive.google.com/file/d/1UI9BYZkDFeBeOh2dPwq8jTko9jGlywGC/view?usp=drivesdk,baguette,bacon,greenpesto,TRUE,basic,FALSE,0.53,0.21,0.06,0.14,0.16,0.00,1.10
IMG_5897.jpg,2024:11:04 11:29:51,https://drive.google.com/file/d/1pQPoHmDD4z2RuLmlXn_yIjeEVyG8UHy4/view?usp=drivesdk,baguette,salmon,creamcheese,FALSE,basic,FALSE,0.53,0.60,0.04,0.00,0.16,0.00,1.34
IMG_5900.jpg,2024:11:04 17:56:31,https://drive.google.com/file/d/1lzfSNWEjnKjqXI7GiWvdR4Db5qqNIRQa/view?usp=drivesdk,baguette,bacon,greenpesto,TRUE,basic,FALSE,0.53,0.21,0.06,0.14,0.16,0.00,1.10
IMG_5906.jpg,2024:11:05 09:45:20,https://drive.google.com/file/d/1KuK68RyNpcGm_MDhf_QqD8NF6G4nMywk/view?usp=drivesdk,croissant,salmon,greenpesto,FALSE,basic,FALSE,0.40,0.60,0.06,0.00,0.16,0.00,1.21
IMG_5909.jpg,2024:11:05 16:16:46,https://drive.google.com/file/d/1jU9tcZ-3TLPnlifc9RM9Ks6T3w75ZWiR/view?usp=drivesdk,croissant,bacon,,TRUE,basic,FALSE,0.40,0.21,0.00,0.14,0.16,0.00,0.91
IMG_5913.jpg,2024:11:06 19:26:00,https://drive.google.com/file/d/1p-gjSHNmAvrb1EbStY72qxW6LTpW6j_U/view?usp=drivesdk,baguette,bacon,greenpesto,TRUE,with_tomatoes,FALSE,0.53,0.21,0.06,0.14,0.24,0.00,1.17
IMG_5917.jpg,2024:11:07 19:23:07,https://drive.google.com/file/d/1Oz3SpRTo9fLZquwLO38DfVwNaa3WPLTx/view?usp=drivesdk,baguette,bacon,greenpesto,TRUE,with_tomatoes,FALSE,0.53,0.21,0.06,0.14,0.24,0.00,1.17
IMG_6004.jpg,2024:11:10 14:04:17,https://drive.google.com/file/d/13V_avSE4Lv6tazUm65UqhXe0sNecHvuf/view?usp=drivesdk,croissant,salmon,greenpesto,FALSE,basic,FALSE,0.40,0.60,0.06,0.00,0.16,0.00,1.21
IMG_6007.jpg,2024:11:10 20:05:09,https://drive.google.com/file/d/1iYe5_NZzbsdILFtL43zhU-g54-DdZ47f/view?usp=drivesdk,baguette,bacon,greenpesto,TRUE,basic,FALSE,0.53,0.21,0.06,0.14,0.16,0.00,1.10
IMG_6009.jpg,2024:11:11 11:21:47,https://drive.google.com/file/d/1NMBOI-HfYV1ET0DyDQxViLlKRuhWCCo4/view?usp=drivesdk,baguette,salmon,greenpesto,FALSE,basic,FALSE,0.53,0.60,0.06,0.00,0.16,0.00,1.35
IMG_6022.jpg,2024:11:12 18:54:10,https://drive.google.com/file/d/1LuZ53JF-YxgRjJ7bcEVY0TUGo07Iej_Y/view?usp=drivesdk,wrap,bacon,greenpesto,TRUE,basic,FALSE,0.16,0.21,0.06,0.14,0.16,0.00,0.72
IMG_6023.jpg,2024:11:13 11:11:44,https://drive.google.com/file/d/1pnN80ugtp0dLO0EGCd52DlEPNu4RC3M8/view?usp=drivesdk,wrap,salami-pepperoni-chorizo,greenpesto,FALSE,basic,FALSE,0.16,0.22,0.06,0.00,0.16,0.00,0.59
IMG_6043.jpg,2024:11:13 18:34:43,https://drive.google.com/file/d/1Wf18YMwdYU3vLlazPjWwxM9HzVfrQE-q/view?usp=drivesdk,wrap,bacon,greenpesto,TRUE,basic,FALSE,0.16,0.21,0.06,0.14,0.16,0.00,0.72
IMG_6054.jpg,2024:11:15 11:38:48,https://drive.google.com/file/d/1DnHhiKriqo5J_2dFiMoud1RwbvoVKnGj/view?usp=drivesdk,wrap,bacon,greenpesto,TRUE,basic,FALSE,0.16,0.21,0.06,0.14,0.16,0.00,0.72
IMG_6107.jpg,2024:11:19 09:59:19,https://drive.google.com/file/d/1y0DL1Pm4aehT16WW2DzNwT9hjLMVQL-F/view?usp=drivesdk,ciabatta,salami-pepperoni-chorizo,greenpesto,FALSE,basic,TRUE,0.25,0.22,0.06,0.00,0.16,0.14,0.82
IMG_6127.jpg,2024:11:21 18:16:53,https://drive.google.com/file/d/1guw6ivjQdN4T84BlIS1nTXtSp7X_p-RX/view?usp=drivesdk,ciabatta,salami-pepperoni-chorizo,greenpesto,TRUE,basic,FALSE,0.25,0.22,0.06,0.14,0.16,0.00,0.83
IMG_6165.jpg,2024:11:25 12:02:15,https://drive.google.com/file/d/1BZ2X03X8Sr7RYA0a78ydCeiO5cSneCUP/view?usp=drivesdk,baton,prosciutto,greenpesto,FALSE,basic,FALSE,0.13,0.35,0.06,0.00,0.16,0.00,0.69
IMG_6176.jpg,2024:11:25 21:59:50,https://drive.google.com/file/d/1ZqrDDyfG8OimMwRTn2B783JcGdyYmE4j/view?usp=drivesdk,baton,bacon,greenpesto,TRUE,basic,FALSE,0.13,0.21,0.06,0.14,0.16,0.00,0.70
IMG_6177.jpg,2024:11:26 10:00:50,https://drive.google.com/file/d/1i7AwWV3eQSiK54n4Q-A760HCLVIXwKkL/view?usp=drivesdk,baton,salami-pepperoni-chorizo,,FALSE,basic,TRUE,0.13,0.22,0.00,0.00,0.16,0.14,0.65
IMG_6188.jpg,2024:11:27 13:46:09,https://drive.google.com/file/d/1OGWLJv46vtI6TCxT1gRKDX7amTRW1Af5/view?usp=drivesdk,baton,prosciutto,redpesto,FALSE,basic,FALSE,0.13,0.35,0.05,0.00,0.16,0.00,0.68
IMG_6200.jpg,2024:11:28 11:32:25,https://drive.google.com/file/d/1LRJ4btbW9jBmXG9qs3b563mdQdM-E3Ke/view?usp=drivesdk,baton,prosciutto,redpesto,FALSE,basic,TRUE,0.13,0.35,0.05,0.00,0.16,0.14,0.82
IMG_6210.jpg,2024:11:29 17:39:00,https://drive.google.com/file/d/1P3D-vIsbgXDxYNBCeFq_neopM6oBtp9l/view?usp=drivesdk,baton,bacon,redpesto,TRUE,basic,TRUE,0.13,0.21,0.05,0.14,0.16,0.14,0.83
IMG_6211.jpg,2024:11:30 12:03:31,https://drive.google.com/file/d/1W8h9eDVk2_xNhqh5eDPuJMIwT1URLHCn/view?usp=drivesdk,baton,ham,redpesto,FALSE,basic,TRUE,0.13,0.32,0.05,0.00,0.16,0.14,0.79
IMG_6219.jpg,2024:12:01 10:25:03,https://drive.google.com/file/d/1K3JapyY_o3TR0OhELwB55NjnV5RVHwbg/view?usp=drivesdk,croissant,ham,redpesto,FALSE,,FALSE,0.40,0.32,0.05,0.00,0.00,0.00,0.76
IMG_6221.jpg,2024:12:01 14:20:24,https://drive.google.com/file/d/1Q9hNyAYBiJ8WjTlLqUTbg-pXY97GxHZE/view?usp=drivesdk,baguette,fishpie,redpesto,FALSE,basic,TRUE,0.53,0.71,0.05,0.00,0.16,0.14,1.59
IMG_6222.jpg,2024:12:02 07:45:15,https://drive.google.com/file/d/1AJM6YZhqRDH2iW76ukKc2pEabgI6Hxfb/view?usp=drivesdk,baton,salmon,redpesto,FALSE,basic,FALSE,0.13,0.60,0.05,0.00,0.16,0.00,0.94
IMG_6233.jpg,2024:12:03 10:22:51,https://drive.google.com/file/d/1tQhyYXZyfawinJuiOkc14r-mJDG3rF-B/view?usp=drivesdk,baguette,fishpie,redpesto,FALSE,basic,FALSE,0.53,0.71,0.05,0.00,0.16,0.00,1.45
IMG_6267.jpg,2024:12:05 11:52:11,https://drive.google.com/file/d/1ntEVp2iY2vjdYDd-ibvTHlMLT5Tyyq88/view?usp=drivesdk,croissant,ham,redpesto,FALSE,basic,FALSE,0.40,0.32,0.05,0.00,0.16,0.00,0.92
IMG_6311.jpg,2024:12:09 11:56:39,https://drive.google.com/file/d/1vUaC5i6hwdA6Z9c__BpEzlSdCmejCMAB/view?usp=drivesdk,sourdough,salmon,redpesto,FALSE,other,FALSE,0.45,0.60,0.05,0.00,0.17,0.00,1.26
IMG_6330.jpg,2024:12:10 18:36:48,https://drive.google.com/file/d/1vMtAFMXrxQDfqW0mtPnZIMYO7Sb_Y1lQ/view?usp=drivesdk,sourdough,bacon,redpesto,TRUE,other,FALSE,0.45,0.21,0.05,0.14,0.17,0.00,1.01
IMG_6349.jpg,2024:12:12 11:42:16,https://drive.google.com/file/d/1PYYJ2H6qNRNkB0MajgDpYGX-uWFhKDA8/view?usp=drivesdk,croissant,salmon,redpesto,FALSE,basic,FALSE,0.40,0.60,0.05,0.00,0.16,0.00,1.20
IMG_6386.jpg,2024:12:17 14:20:08,https://drive.google.com/file/d/1QNs-u7AfL1E8EF_gLk5E-kEQvprA81Zm/view?usp=drivesdk,sourdough,salmon,redpesto,TRUE,basic,FALSE,0.45,0.60,0.05,0.14,0.16,0.00,1.40
IMG_6418.jpg,2024:12:21 06:33:00,https://drive.google.com/file/d/1W_6uu_X7TvQhkeQ0J1QP0ykMd_WmlEkR/view?usp=drivesdk,sourdough,brisket,,FALSE,basic,FALSE,0.45,0.44,0.00,0.00,0.16,0.00,1.05
IMG_6504.jpg,2024:12:22 16:12:49,https://drive.google.com/file/d/1q_2WEJG6RqtCrywPW91S5uyiNEH8a9Dy/view?usp=drivesdk,sourdough,salami-pepperoni-chorizo,,TRUE,other,FALSE,0.45,0.22,0.00,0.14,0.17,0.00,0.98
IMG_6517.jpg,2024:12:24 07:49:34,https://drive.google.com/file/d/17kw1LkAyvM6sf7GmDdeU9koN4E4aYk3K/view?usp=drivesdk,sourdough,salami-pepperoni-chorizo,garlicherb,FALSE,basic,FALSE,0.45,0.22,0.08,0.00,0.16,0.00,0.90
IMG_6621.jpg,2024:12:27 11:30:29,https://drive.google.com/file/d/14WooGMeVhLKOYvKkIT6p5Kr73iMDBPen/view?usp=drivesdk,ciabatta,prawn,redpesto,FALSE,basic,FALSE,0.25,0.69,0.05,0.00,0.16,0.00,1.14
IMG_6634.jpg,2024:12:28 12:18:02,https://drive.google.com/file/d/1B8-ZNbtreICRjNsm1aaToAZRLM6LfG1L/view?usp=drivesdk,ciabatta,brisket,redpesto,FALSE,basic,FALSE,0.25,0.44,0.05,0.00,0.16,0.00,0.89
IMG_6646.jpg,2024:12:29 12:34:37,https://drive.google.com/file/d/1Wi1oiwf8PNETsoaMljqJGUYF_Fm8csfD/view?usp=drivesdk,ciabatta,brisket,redpesto,FALSE,basic,FALSE,0.25,0.44,0.05,0.00,0.16,0.00,0.89
IMG_6648.jpg,2024:12:29 18:36:44,https://drive.google.com/file/d/1N5b6WeZ_cXY2ER0jpsftqV3wmrk4vVvA/view?usp=drivesdk,pitta,sausage,,TRUE,basic,FALSE,0.08,0.55,0.00,0.14,0.16,0.00,0.93
IMG_6657.jpg,2024:12:30 15:00:08,https://drive.google.com/file/d/1VSQTKzpSjGR0kHmpglZMqUMUtVI76e6r/view?usp=drivesdk,pitta,sausage,,TRUE,basic,FALSE,0.08,0.55,0.00,0.14,0.16,0.00,0.93
IMG_6659.jpg,2024:12:30 21:26:33,https://drive.google.com/file/d/1u3n0QdCmfSUnZMEvNaKJGwJ-ZZIOjWNY/view?usp=drivesdk,ciabatta,fishpie,redpesto,FALSE,basic,FALSE,0.25,0.71,0.05,0.00,0.16,0.00,1.16
IMG_6665.jpg,2024:12:31 12:20:07,https://drive.google.com/file/d/1GzfzAqreHI8Gn6QypMln4zjhJrjQ6Hiy/view?usp=drivesdk,pitta,fishpie,redpesto,FALSE,basic,FALSE,0.08,0.71,0.05,0.00,0.16,0.00,1.00
IMG_6666.jpg,2024:12:31 18:31:41,https://drive.google.com/file/d/11R5iuhkReoi7CUsu2_u9q3Ip57GERoEc/view?usp=drivesdk,pitta,fishpie,,TRUE,basic,FALSE,0.08,0.71,0.00,0.14,0.16,0.00,1.10
IMG_6667.jpg,2025:01:01 06:37:49,https://drive.google.com/file/d/1fBFypId9kUW3EwupSycQnIZoWvrlFMym/view?usp=drivesdk,pitta,fishpie,redpesto,FALSE,basic,FALSE,0.08,0.71,0.05,0.00,0.16,0.00,1.00
IMG_6863.jpg,2025:01:09 17:12:37,https://drive.google.com/file/d/1tzciLyZfpPPqGiP-ZSxtFcadnyi86pyC/view?usp=drivesdk,wrap,,,TRUE,basic,FALSE,0.16,0.00,0.00,0.14,0.16,0.00,0.46
IMG_6866.jpg,2025:01:10 13:00:53,https://drive.google.com/file/d/1IUwwF8MWil113GtYDWYNsOIhpmAHh3G2/view?usp=drivesdk,wrap,,redpesto,TRUE,basic,FALSE,0.16,0.00,0.05,0.14,0.16,0.00,0.51
IMG_6871.jpg,2025:01:11 13:25:28,https://drive.google.com/file/d/1tevHaFM9zGXYczsr41HWPbPRZwd5yG6n/view?usp=drivesdk,wrap,,,TRUE,basic,FALSE,0.16,0.00,0.00,0.14,0.16,0.00,0.46
IMG_6877.jpg,2025:01:12 13:04:28,https://drive.google.com/file/d/1mf6OyCbd5DibpcC55Pp-drPNqIDT8BUm/view?usp=drivesdk,wrap,pork mince,,TRUE,basic,FALSE,0.16,0.33,0.00,0.14,0.16,0.00,0.79
IMG_6882.jpg,2025:01:13 11:47:50,https://drive.google.com/file/d/1lIrs5HAlcazK7KApOfyXw79vVIs9JDrK/view?usp=drivesdk,pitta,fishpie,redpesto,FALSE,basic,FALSE,0.08,0.71,0.05,0.00,0.16,0.00,1.00
IMG_6891.jpg,2025:01:14 11:50:11,https://drive.google.com/file/d/1He2aCo1Hc20s9j9TYGri6zASbEWPUOw5/view?usp=drivesdk,pitta,prawn,redpesto,FALSE,basic,FALSE,0.08,0.69,0.05,0.00,0.16,0.00,0.98
IMG_6900.jpg,2025:01:15 12:14:29,https://drive.google.com/file/d/1PJA3LIze4sR2eP4ab2P6y-TbJQYzxopn/view?usp=drivesdk,pitta,fishpie,redpesto,FALSE,basic,FALSE,0.08,0.71,0.05,0.00,0.16,0.00,1.00
IMG_6921.jpg,2025:01:17 10:19:39,https://drive.google.com/file/d/1sLoXX5w9BGfdBEoXbGP0V7_LIFGGrf9m/view?usp=drivesdk,pitta,prawn,redpesto,FALSE,basic,FALSE,0.08,0.69,0.05,0.00,0.16,0.00,0.98
IMG_6932.jpg,2025:01:18 07:30:18,https://drive.google.com/file/d/1Yw3ivFyMufYnWoZvxmtmtgxvclh73YlK/view?usp=drivesdk,ciabatta,salami-pepperoni-chorizo,redpesto,FALSE,basic,FALSE,0.25,0.22,0.05,0.00,0.16,0.00,0.67
IMG_6978.jpg,2025:01:19 13:20:08,https://drive.google.com/file/d/11DS9d83EX8Tt9MGyNc29gVgSXNYIhBOo/view?usp=drivesdk,wrap,,,TRUE,basic,FALSE,0.16,0.00,0.00,0.14,0.16,0.00,0.46
IMG_6980.jpg,2025:01:20 11:57:43,https://drive.google.com/file/d/1d5NsNirhP_sbMEW4XG0q-sI65BmMjaVa/view?usp=drivesdk,wrap,,,TRUE,basic,FALSE,0.16,0.00,0.00,0.14,0.16,0.00,0.46
IMG_6985.jpg,2025:01:20 22:19:57,https://drive.google.com/file/d/1wywJJPlvpKEMwZy0-iJR2m0wi5N9adHa/view?usp=drivesdk,ciabatta,salami-pepperoni-chorizo,redpesto,FALSE,basic,FALSE,0.25,0.22,0.05,0.00,0.16,0.00,0.67
IMG_6988.jpg,2025:01:21 12:15:35,https://drive.google.com/file/d/1L3CaZ4pfv83OqMMc4xxWe7X-4EK10_Io/view?usp=drivesdk,ciabatta,salami-pepperoni-chorizo,redpesto,FALSE,basic,FALSE,0.25,0.22,0.05,0.00,0.16,0.00,0.67
IMG_6990.jpg,2025:01:21 18:38:41,https://drive.google.com/file/d/16OKOnZ05yMIhY8yIHyS4monm1vtoaDC_/view?usp=drivesdk,wrap,,,TRUE,basic,FALSE,0.16,0.00,0.00,0.14,0.16,0.00,0.46
IMG_6994.jpg,2025:01:22 14:10:02,https://drive.google.com/file/d/1BHt2u2eUP8qywjZWAcFcZxXPQ9Zl_bMm/view?usp=drivesdk,wrap,,,TRUE,basic,FALSE,0.16,0.00,0.00,0.14,0.16,0.00,0.46
IMG_7033.jpg,2025:01:25 05:38:40,https://drive.google.com/file/d/1OBYnNUKe-KYGPLdRVU46_3UadFXFCKNi/view?usp=drivesdk,naan,brisket,garlicherb,FALSE,basic,FALSE,0.35,0.44,0.08,0.00,0.16,0.00,1.02
IMG_7068.jpg,2025:01:26 13:44:30,https://drive.google.com/file/d/14HuxPkWNMx7HjCm_D-3gdsZpDBHQHyTO/view?usp=drivesdk,naan,brisket,garlicherb,FALSE,basic,FALSE,0.35,0.44,0.08,0.00,0.16,0.00,1.02
IMG_7070.jpg,2025:01:26 19:06:49,https://drive.google.com/file/d/1pGaysvtQ6IoQNjOnrUpHvZ2ffGIYskzS/view?usp=drivesdk,pitta,pork mince,,FALSE,basic,FALSE,0.08,0.33,0.00,0.00,0.16,0.00,0.57
IMG_7100.jpg,2025:01:27 22:34:43,https://drive.google.com/file/d/1vZ8BHcsmDUvlZiIonNvgCw0PXo1X9YlT/view?usp=drivesdk,naan,bacon,,TRUE,basic,FALSE,0.35,0.21,0.00,0.14,0.16,0.00,0.86
IMG_7101.jpg,2025:01:28 11:50:32,https://drive.google.com/file/d/1UWCkdSuMn-YNVrJnMT2HAMaIt0IDdRLv/view?usp=drivesdk,naan,brisket,garlicherb,FALSE,basic,FALSE,0.35,0.44,0.08,0.00,0.16,0.00,1.02
IMG_7105.jpg,2025:01:29 14:41:31,https://drive.google.com/file/d/1FNQmbjxZOpDipDzNVZobZk3sxiWx107M/view?usp=drivesdk,naan,ham,garlicherb,FALSE,basic,FALSE,0.35,0.32,0.08,0.00,0.16,0.00,0.90
IMG_7119.jpg,2025:01:31 09:51:34,https://drive.google.com/file/d/197Qdsb2N_6sECW47Sc96waxtgdXsbu-S/view?usp=drivesdk,naan,ham,garlicherb,FALSE,basic,FALSE,0.35,0.32,0.08,0.00,0.16,0.00,0.90
IMG_7128.jpg,2025:02:01 12:21:15,https://drive.google.com/file/d/1bNtqDAFPQDL9rj-6-JlFUI8aN-jOe12q/view?usp=drivesdk,naan,ham,garlicherb,FALSE,basic,FALSE,0.35,0.32,0.08,0.00,0.16,0.00,0.90
IMG_7157.jpg,2025:02:07 10:24:34,https://drive.google.com/file/d/1PD09bLFH5XF5SF8dQk_5jcylTYzsfMAJ/view?usp=drivesdk,naan,ham,garlicherb,FALSE,basic,FALSE,0.35,0.32,0.08,0.00,0.16,0.00,0.90
IMG_7159.jpg,2025:02:08 09:34:42,https://drive.google.com/file/d/1zcZZ9EeRMmt2v65IXtrdrR3kTsjarePA/view?usp=drivesdk,pitta,fishpie,redpesto,FALSE,basic,FALSE,0.08,0.71,0.05,0.00,0.16,0.00,1.00
IMG_7166.jpg,2025:02:09 12:39:32,https://drive.google.com/file/d/1JZkoD--2Ex1-R8Ttej7cQjUSRUtvpNVV/view?usp=drivesdk,baton,salmon,burger,FALSE,basic,FALSE,0.13,0.60,0.10,0.00,0.16,0.00,0.99
IMG_7181.jpg,2025:02:11 10:55:24,https://drive.google.com/file/d/1bvnsDG-9lSL6Q3e8TLB9AAlEes5umOgi/view?usp=drivesdk,baton,ham,burger,FALSE,basic,FALSE,0.13,0.32,0.10,0.00,0.16,0.00,0.71
IMG_7218.jpg,2025:02:15 19:45:36,https://drive.google.com/file/d/1Pboya9XXLsCSeNHXqeaGW6xHG6b1wqMI/view?usp=drivesdk,pitta,fishpie,,FALSE,basic,FALSE,0.08,0.71,0.00,0.00,0.16,0.00,0.95
IMG_7228.jpg,2025:02:17 12:04:36,https://drive.google.com/file/d/12eARxbA05DMreL5kE82KfkAXMKl-EA37/view?usp=drivesdk,baguette,salmon,burger,FALSE,basic,FALSE,0.53,0.60,0.10,0.00,0.16,0.00,1.39
IMG_7230.jpg,2025:02:18 10:39:41,https://drive.google.com/file/d/1DStwlOiBh-1feHVbrLmrMeH3P6x4eGRN/view?usp=drivesdk,baguette,salmon,burger,TRUE,basic,FALSE,0.53,0.60,0.10,0.14,0.16,0.00,1.54
IMG_7238.jpg,2025:02:19 14:58:53,https://drive.google.com/file/d/1SnrX3O2yJGpzNtMjN3kziX1hM8n4Xb-B/view?usp=drivesdk,naan,salmon,,FALSE,with_tomatoes,FALSE,0.35,0.60,0.00,0.00,0.24,0.00,1.18
IMG_7241.jpg,2025:02:20 13:04:59,https://drive.google.com/file/d/1nC8mokPzh3prLUb37zePWHZzRAMcGVjT/view?usp=drivesdk,naan,ham,burger,FALSE,basic,FALSE,0.35,0.32,0.10,0.00,0.16,0.00,0.93
IMG_7245.jpg,2025:02:21 14:34:54,https://drive.google.com/file/d/122A--rq8o0hsjNa1g_WJdkn0M3JjxZhi/view?usp=drivesdk,sourdough,ham,burger,TRUE,basic,FALSE,0.45,0.32,0.10,0.14,0.16,0.00,1.17
IMG_7253.jpg,2025:02:22 12:38:42,https://drive.google.com/file/d/1yFTzePsJE9Nbtxo3IZP3DxnsLV3LP1ru/view?usp=drivesdk,sourdough,ham,cheese,TRUE,basic,FALSE,0.45,0.32,0.10,0.14,0.16,0.00,1.17
IMG_7254.jpg,2025:02:22 21:23:57,https://drive.google.com/file/d/1bO2DoLRnDeSn2nrWXK7wRpYDN0QmsrMY/view?usp=drivesdk,naan,ham,cheese,FALSE,basic,FALSE,0.35,0.32,0.10,0.00,0.16,0.00,0.93
IMG_7260.jpg,2025:02:23 13:05:45,https://drive.google.com/file/d/1DIWHPtUvqCtxcoEZWO5cswFB5FISuTGX/view?usp=drivesdk,sourdough,ham,cheese,TRUE,basic,FALSE,0.45,0.32,0.10,0.14,0.16,0.00,1.17
IMG_7265.jpg,2025:02:24 11:48:18,https://drive.google.com/file/d/10X2eOxvGBgBLY_kac6cx2YAHnwmG8BTN/view?usp=drivesdk,baguette,ham,cheese,FALSE,basic,FALSE,0.53,0.32,0.10,0.00,0.16,0.00,1.11
IMG_7288.jpg,2025:02:25 11:44:47,https://drive.google.com/file/d/1Q8er51g9XI_gwFVjoF-cqVVqlf2_Awlx/view?usp=drivesdk,baguette,ham,cheese,FALSE,basic,FALSE,0.53,0.32,0.10,0.00,0.16,0.00,1.11
IMG_7291.jpg,2025:02:26 12:57:36,https://drive.google.com/file/d/1aVRYJ966470IBbnXz7Lvr8ngxdQ0ygjg/view?usp=drivesdk,baguette,salami-pepperoni-chorizo,cheese,FALSE,basic,FALSE,0.53,0.22,0.10,0.00,0.16,0.00,1.01
IMG_7295.jpg,2025:02:27 12:49:46,https://drive.google.com/file/d/14t_zXG63XJcEsxVPyjTVKzVkUjx8XBFG/view?usp=drivesdk,naan,salami-pepperoni-chorizo,cheese,FALSE,basic,FALSE,0.35,0.22,0.10,0.00,0.16,0.00,0.83
IMG_7299.jpg,2025:02:27 20:42:26,https://drive.google.com/file/d/1us4zIu9zBpJZYJ_wr9-NNTDP-V44lDhV/view?usp=drivesdk,naan,bacon,,FALSE,,FALSE,0.35,0.21,0.00,0.00,0.00,0.00,0.55
IMG_7310.jpg,2025:03:01 07:40:59,https://drive.google.com/file/d/10F4Nm9ekdgFR5s7Hq_61z42_wXZtL4bj/view?usp=drivesdk,baguette,prawn,cheese,FALSE,basic,FALSE,0.53,0.69,0.10,0.00,0.16,0.00,1.48
IMG_7362.jpg,2025:03:02 13:46:08,https://drive.google.com/file/d/1xtKa7FW36cdkx0x07_JPiuBEolpSw0OR/view?usp=drivesdk,basic,prawn,cheese,FALSE,basic,FALSE,0.21,0.69,0.10,0.00,0.16,0.00,1.15
IMG_7371.jpg,2025:03:04 10:55:46,https://drive.google.com/file/d/1d1ghHJOqZjfrJIlJw-aiNhtIQve_Evwz/view?usp=drivesdk,naan,prawn,burger,FALSE,basic,FALSE,0.35,0.69,0.10,0.00,0.16,0.00,1.30
IMG_7375.jpg,2025:03:05 13:57:47,https://drive.google.com/file/d/1idj2BTODfbRiC6q43ZmuMRz8goyBcanY/view?usp=drivesdk,naan,prawn,burger,FALSE,basic,FALSE,0.35,0.69,0.10,0.00,0.16,0.00,1.30
IMG_7383.jpg,2025:03:06 10:01:59,https://drive.google.com/file/d/1xb9pgVDiCMv3jQDz1r_DSdt5vc6AxnbC/view?usp=drivesdk,baton,ham,burger,TRUE,basic,FALSE,0.13,0.32,0.10,0.14,0.16,0.00,0.85
IMG_7389.jpg,2025:03:07 08:28:00,https://drive.google.com/file/d/1TPH3dUIKnj_KaTfFqcu_mgj35LBjvzN0/view?usp=drivesdk,baton,ham,burger,FALSE,basic,FALSE,0.13,0.32,0.10,0.00,0.16,0.00,0.71
IMG_7401.jpg,2025:03:09 13:51:57,https://drive.google.com/file/d/10tTBU37X5L73Rhz2X0iAG6K-mLuC6VJY/view?usp=drivesdk,baton,bacon,,TRUE,,FALSE,0.13,0.21,0.00,0.14,0.00,0.00,0.48
IMG_7408.jpg,2025:03:10 10:28:04,https://drive.google.com/file/d/1NjMw8JOFi6291jD4nMBW3vy67Pm_wnyA/view?usp=drivesdk,sourdough,ham,burger,FALSE,basic,FALSE,0.45,0.32,0.10,0.00,0.16,0.00,1.03
IMG_7410.jpg,2025:03:11 13:30:16,https://drive.google.com/file/d/17nTYI5c-6F9_yX9SLegfYROkfY6GyFps/view?usp=drivesdk,basic,ham,burger,FALSE,basic,FALSE,0.21,0.32,0.10,0.00,0.16,0.00,0.79
IMG_7414.jpg,2025:03:12 15:00:21,https://drive.google.com/file/d/18cneTSn7V_kWva9m8mekfJo3o746mXec/view?usp=drivesdk,basic,pork mince,,FALSE,basic,FALSE,0.21,0.33,0.00,0.00,0.16,0.00,0.70
IMG_7420.jpg,2025:03:13 19:14:52,https://drive.google.com/file/d/1ewEsvTt9gCPJiFDoKoa8RRlfcrwTixE7/view?usp=drivesdk,basic,,burger,FALSE,basic,FALSE,0.21,0.00,0.10,0.00,0.16,0.00,0.47
IMG_7428.jpg,2025:03:14 21:50:35,https://drive.google.com/file/d/1xkqlRHsb6tAZV2PpVUFYA8GBj8dbesBW/view?usp=drivesdk,baguette,bacon,greenpesto,TRUE,basic,FALSE,0.53,0.21,0.06,0.14,0.16,0.00,1.10
IMG_7429.jpg,2025:03:15 09:10:39,https://drive.google.com/file/d/1-UUm8I4Pd_Vr_Fb45YotLeKsOWgI_gu5/view?usp=drivesdk,baguette,salami-pepperoni-chorizo,greenpesto,FALSE,basic,FALSE,0.53,0.22,0.06,0.00,0.16,0.00,0.97
IMG_7437.jpg,2025:03:16 07:57:44,https://drive.google.com/file/d/1oNNlStC6zLOgRX-iXCIh1Rqg-kb7OqAb/view?usp=drivesdk,baguette,salami-pepperoni-chorizo,greenpesto,FALSE,basic,FALSE,0.53,0.22,0.06,0.00,0.16,0.00,0.97
IMG_7451.jpg,2025:03:16 19:33:26,https://drive.google.com/file/d/139lE8IL8bTARRWSCKWQjB2km3Ej-YuNN/view?usp=drivesdk,wrap,,redpesto,TRUE,basic,FALSE,0.16,0.00,0.05,0.14,0.16,0.00,0.51
IMG_7452.jpg,2025:03:17 11:43:25,https://drive.google.com/file/d/1GGT4i7SXHqBgxCe55KH93OXSfWBDFSbV/view?usp=drivesdk,wrap,salami-pepperoni-chorizo,greenpesto,FALSE,basic,FALSE,0.16,0.22,0.06,0.00,0.16,0.00,0.59
IMG_7454.jpg,2025:03:18 12:19:42,https://drive.google.com/file/d/1PqOrjdFcM_z77mw5Jpq0HHd25HAJwhV2/view?usp=drivesdk,wrap,salami-pepperoni-chorizo,greenpesto,FALSE,basic,FALSE,0.16,0.22,0.06,0.00,0.16,0.00,0.59
IMG_7481.jpg,2025:03:19 21:18:09,https://drive.google.com/file/d/12T2P8dSuRVXu2ASP6GQyJcPSzzoircPg/view?usp=drivesdk,baguette,prosciutto,greenpesto,FALSE,basic,FALSE,0.53,0.35,0.06,0.00,0.16,0.00,1.10
IMG_7485.jpg,2025:03:20 11:42:03,https://drive.google.com/file/d/1h_3rd-SU_WR4JYOYiV4gtQCD5SP7KHxU/view?usp=drivesdk,baguette,prosciutto,redpesto,FALSE,basic,FALSE,0.53,0.35,0.05,0.00,0.16,0.00,1.09
IMG_7493.jpg,2025:03:21 14:04:43,https://drive.google.com/file/d/1wK7RbzUTxflMtLw2eXrP_6w9wlY69Zrt/view?usp=drivesdk,wrap,,,TRUE,basic,FALSE,0.16,0.00,0.00,0.14,0.16,0.00,0.46
IMG_7503.jpg,2025:03:22 10:27:40,https://drive.google.com/file/d/1L30J1pjudjMomlu74Kx97rV0NjOTPnJd/view?usp=drivesdk,baguette,bacon,greenpesto,TRUE,basic,FALSE,0.53,0.21,0.06,0.14,0.16,0.00,1.10
IMG_7510.jpg,2025:03:23 11:30:44,https://drive.google.com/file/d/1t9Vx-gqECHgOTTz6h9CNsswbVYByGQGp/view?usp=drivesdk,sourdough,salmon,redpesto,FALSE,basic,FALSE,0.45,0.60,0.05,0.00,0.16,0.00,1.26
IMG_7514.jpg,2025:03:24 11:16:56,https://drive.google.com/file/d/1eQFB6fMlRUsbw_VfJeR3KaY2feJ0x1Pc/view?usp=drivesdk,sourdough,salmon,redpesto,FALSE,basic,FALSE,0.45,0.60,0.05,0.00,0.16,0.00,1.26
IMG_7525.jpg,2025:03:25 11:20:55,https://drive.google.com/file/d/1ai496Suy1DqvGqEBwRaSS2T7n66deZ-i/view?usp=drivesdk,sourdough,bacon,redpesto,FALSE,basic,FALSE,0.45,0.21,0.05,0.00,0.16,0.00,0.86
IMG_7529.jpg,2025:03:26 13:06:23,https://drive.google.com/file/d/1JyNDzvISrv7O85tWYXTqoc8OnAdXjgn4/view?usp=drivesdk,sourdough,bacon,greenpesto,FALSE,basic,FALSE,0.45,0.21,0.06,0.00,0.16,0.00,0.87
IMG_7534.jpg,2025:03:27 12:05:40,https://drive.google.com/file/d/14LN0I79T9cxjAdPHFChWW4rKojg3EoUu/view?usp=drivesdk,sourdough,bacon,greenpesto,FALSE,basic,FALSE,0.45,0.21,0.06,0.00,0.16,0.00,0.87
IMG_7564.jpg,2025:03:29 13:05:30,https://drive.google.com/file/d/18gCGyJFcQH_dyeMU0wm5YINnsgFTnYKg/view?usp=drivesdk,baguette,bacon,greenpesto,FALSE,basic,FALSE,0.53,0.21,0.06,0.00,0.16,0.00,0.96
IMG_7567.jpg,2025:03:30 14:27:37,https://drive.google.com/file/d/1iYoVwgR5krbMMPEcbd3haDEkQlqEfc9K/view?usp=drivesdk,baguette,bacon,greenpesto,FALSE,basic,FALSE,0.53,0.21,0.06,0.00,0.16,0.00,0.96
IMG_7571.jpg,2025:03:31 12:24:13,https://drive.google.com/file/d/1ttNeXrEFCI5pQn_66Fc2g9FmqvMqEWpC/view?usp=drivesdk,baguette,fishpie,greenpesto,FALSE,basic,FALSE,0.53,0.71,0.06,0.00,0.16,0.00,1.46
IMG_8025.jpg,2025:04:07 21:45:58,https://drive.google.com/file/d/1LKnPbq0_-KNyFt_4aW140TG5paN-pzgF/view?usp=drivesdk,sourdough,prosciutto,greenpesto,FALSE,basic,FALSE,0.45,0.35,0.06,0.00,0.16,0.00,1.01
IMG_8027.jpg,2025:04:08 09:02:14,https://drive.google.com/file/d/1UXE2z0kjOtL-l_gunuTgWK3wvy_0IOc-/view?usp=drivesdk,sourdough,prosciutto,greenpesto,FALSE,basic,FALSE,0.45,0.35,0.06,0.00,0.16,0.00,1.01
IMG_8277.jpg,2025:04:10 08:40:59,https://drive.google.com/file/d/19hBZfZYL1L6nJTqk2WzZHz1_Zi7QKAcp/view?usp=drivesdk,sourdough,prosciutto,greenpesto,FALSE,basic,FALSE,0.45,0.35,0.06,0.00,0.16,0.00,1.01
IMG_8398.jpg,2025:04:12 12:24:17,https://drive.google.com/file/d/1pf-NtuO-BY06MYX-3WoQpMtGbChKDPjL/view?usp=drivesdk,sourdough,ham,greenpesto,FALSE,basic,FALSE,0.45,0.32,0.06,0.00,0.16,0.00,0.98
IMG_8410.jpg,2025:04:13 13:17:24,https://drive.google.com/file/d/1zbBCwudfSk5dMl7oATZRDhzUfqI781AX/view?usp=drivesdk,sourdough,ham,redpesto,FALSE,basic,FALSE,0.45,0.32,0.05,0.00,0.16,0.00,0.97
IMG_8414.jpg,2025:04:14 13:13:24,https://drive.google.com/file/d/1WXE-ipKrF_JmtUgMt-8XC6ltnRRcZeio/view?usp=drivesdk,sourdough,ham,greenpesto,FALSE,basic,FALSE,0.45,0.32,0.06,0.00,0.16,0.00,0.98
IMG_8425.jpg,2025:04:15 07:25:10,https://drive.google.com/file/d/1_5tl82vhy6Ma9tJ2m4LnSZ5CFBwJEgBe/view?usp=drivesdk,sourdough,bacon,greenpesto,FALSE,basic,FALSE,0.45,0.21,0.06,0.00,0.16,0.00,0.87
IMG_8507.jpg,2025:04:19 11:33:44,https://drive.google.com/file/d/1ZNakReueWoR-XSfyTP2XgN0MQDpgrqWd/view?usp=drivesdk,naan,bacon,redpesto,FALSE,basic,FALSE,0.35,0.21,0.05,0.00,0.16,0.00,0.76
IMG_8509.jpg,2025:04:20 14:33:41,https://drive.google.com/file/d/1k-Hl-fhtiaMIVE15X8YmVQhoHL_r0uhh/view?usp=drivesdk,naan,bacon,redpesto,FALSE,basic,FALSE,0.35,0.21,0.05,0.00,0.16,0.00,0.76
IMG_8517.jpg,2025:04:22 10:54:41,https://drive.google.com/file/d/18hXGVA1v8k0TLSpw4qMP2c0DrS-tcxSI/view?usp=drivesdk,naan,bacon,redpesto,FALSE,basic,FALSE,0.35,0.21,0.05,0.00,0.16,0.00,0.76
IMG_8527.jpg,2025:04:23 14:55:07,https://drive.google.com/file/d/1_yOZY4U6mwPL1mu0_RpdJmCoE9y71Rnl/view?usp=drivesdk,baguette,ham,greenpesto,TRUE,basic,FALSE,0.53,0.32,0.06,0.14,0.16,0.00,1.21
IMG_8529.jpg,2025:04:24 12:25:52,https://drive.google.com/file/d/1efG7UBTpMl-X8khAxA7gvXsraYQv2nq5/view?usp=drivesdk,baguette,ham,greenpesto,TRUE,basic,FALSE,0.53,0.32,0.06,0.14,0.16,0.00,1.21
IMG_8531.jpg,2025:04:25 12:59:40,https://drive.google.com/file/d/1iGxGVszpG01oSeyunyMbj1TBqPNGJ5sT/view?usp=drivesdk,baguette,ham,greenpesto,TRUE,basic,FALSE,0.53,0.32,0.06,0.14,0.16,0.00,1.21
IMG_8565.jpg,2025:04:29 14:41:45,https://drive.google.com/file/d/12s0IrDUrdgAo3PMiNTLiB-qlXDYE_2Vy/view?usp=drivesdk,baguette,ham,garlicherb,FALSE,basic,FALSE,0.53,0.32,0.08,0.00,0.16,0.00,1.09
IMG_8570.jpg,2025:04:30 13:00:39,https://drive.google.com/file/d/1P58SZFQ8RSnHV5QT9pBXYzcrRDmC-g4h/view?usp=drivesdk,baguette,ham,garlicherb,FALSE,basic,FALSE,0.53,0.32,0.08,0.00,0.16,0.00,1.09
IMG_8584.jpg,2025:05:01 05:01:53,https://drive.google.com/file/d/1YgkmJEvs8eTTYPG2n4TvrA4fn0GQkQrU/view?usp=drivesdk,baguette,ham,garlicherb,FALSE,basic,FALSE,0.53,0.32,0.08,0.00,0.16,0.00,1.09
IMG_8621.jpg,2025:05:04 13:41:42,https://drive.google.com/file/d/18pq6VAEeWPVclkA3IdhXwP_HffuZavwl/view?usp=drivesdk,sourdough,ham,garlicherb,FALSE,basic,FALSE,0.45,0.32,0.08,0.00,0.16,0.00,1.00
IMG_8623.jpg,2025:05:05 14:07:51,https://drive.google.com/file/d/1LnsXwzPPh0zsls2i1vMahcdlPRkMOvHF/view?usp=drivesdk,sourdough,ham,greenpesto,TRUE,basic,FALSE,0.45,0.32,0.06,0.14,0.16,0.00,1.13
IMG_8630.jpg,2025:05:07 14:37:51,https://drive.google.com/file/d/1q2jC4keBpwtfV-eek2VfFhaV6dO7QMaz/view?usp=drivesdk,baguette,slicedchicken,garlicherb,FALSE,basic,FALSE,0.53,0.50,0.08,0.00,0.16,0.00,1.27
IMG_8651.jpg,2025:05:09 08:07:37,https://drive.google.com/file/d/1BLBxngoK2vfCTwkaSw0hlLSSmlisVTPH/view?usp=drivesdk,baguette,slicedchicken,garlicherb,FALSE,basic,FALSE,0.53,0.50,0.08,0.00,0.16,0.00,1.27
IMG_8671.jpg,2025:05:10 09:50:05,https://drive.google.com/file/d/1xt7YV6kxk6PIFptX4SvEnxDXAKbv9vmz/view?usp=drivesdk,baguette,slicedchicken,garlicherb,FALSE,basic,FALSE,0.53,0.50,0.08,0.00,0.16,0.00,1.27
IMG_8707.jpg,2025:05:13 20:31:36,https://drive.google.com/file/d/1nNIZ87bYBnifSDKS2ZfrL3YD3EefKe0i/view?usp=drivesdk,basic,salami-pepperoni-chorizo,garlicherb,FALSE,basic,FALSE,0.21,0.22,0.08,0.00,0.16,0.00,0.66
IMG_8714.jpg,2025:05:14 20:45:22,https://drive.google.com/file/d/1Aje5cFrRktltVumZmO9FLak-e40FeIO7/view?usp=drivesdk,basic,salami-pepperoni-chorizo,greenpesto,FALSE,basic,FALSE,0.21,0.22,0.06,0.00,0.16,0.00,0.64
IMG_8718.jpg,2025:05:15 21:55:44,https://drive.google.com/file/d/1wXd_egqtY42V__vPGrBOM_1gllltsc1f/view?usp=drivesdk,basic,salami-pepperoni-chorizo,garlicherb,FALSE,basic,FALSE,0.21,0.22,0.08,0.00,0.16,0.00,0.66
IMG_8746.jpg,2025:05:17 07:36:13,https://drive.google.com/file/d/14o6S_M89Db3bZK0M6mmHWJbVhk9T2-WA/view?usp=drivesdk,sourdough,bacon,greenpesto,FALSE,basic,FALSE,0.45,0.21,0.06,0.00,0.16,0.00,0.87
IMG_8766.jpg,2025:05:18 20:39:36,https://drive.google.com/file/d/1uP242zPIx-Cb2HVce8f4D8DPaqU06hoA/view?usp=drivesdk,sourdough,bacon,greenpesto,FALSE,basic,FALSE,0.45,0.21,0.06,0.00,0.16,0.00,0.87
IMG_8771.jpg,2025:05:20 13:47:06,https://drive.google.com/file/d/10WVX2StSxEtZGxHvlZV2QI5hciOyWNOR/view?usp=drivesdk,basic,pork mince,garlicherb,FALSE,basic,FALSE,0.21,0.33,0.08,0.00,0.16,0.00,0.77
IMG_8787.jpg,2025:05:22 21:55:52,https://drive.google.com/file/d/1SXgzAgbKKv1m8FQ6TzXNWRNMII7pivZf/view?usp=drivesdk,basic,bacon,greenpesto,FALSE,basic,FALSE,0.21,0.21,0.06,0.00,0.16,0.00,0.63
IMG_8788.jpg,2025:05:23 14:58:23,https://drive.google.com/file/d/11fa9_vDiqcSk3GtZo3RSOgzUUj6G3M_B/view?usp=drivesdk,basic,bacon,greenpesto,TRUE,basic,FALSE,0.21,0.21,0.06,0.14,0.16,0.00,0.77
IMG_8802.jpg,2025:05:24 14:23:32,https://drive.google.com/file/d/1hYOM1ylbn-jW5Mh2qqeVmyadGmvzYS95/view?usp=drivesdk,basic,bacon,greenpesto,TRUE,basic,FALSE,0.21,0.21,0.06,0.14,0.16,0.00,0.77
IMG_8814.jpg,2025:05:25 13:34:59,https://drive.google.com/file/d/1jE9ibJkik6uEON-f2Zz0D6Mvbhb4XGnM/view?usp=drivesdk,basic,ham,greenpesto,TRUE,basic,FALSE,0.21,0.32,0.06,0.14,0.16,0.00,0.88
IMG_8825.jpg,2025:05:26 14:52:16,https://drive.google.com/file/d/1rt2Z5YaqNhw-mszuAHuRAnVvPiYIuITr/view?usp=drivesdk,basic,ham,greenpesto,TRUE,basic,FALSE,0.21,0.32,0.06,0.14,0.16,0.00,0.88
IMG_8829.jpg,2025:05:27 15:35:24,https://drive.google.com/file/d/1OUMqEyXkBNmFwBbTGKoVX0v420niGdle/view?usp=drivesdk,basic,ham,greenpesto,TRUE,basic,FALSE,0.21,0.32,0.06,0.14,0.16,0.00,0.88
IMG_8839.jpg,2025:05:29 10:38:14,https://drive.google.com/file/d/16mIZS8AE0l-romRzVpA7F2sGqrgUiQwN/view?usp=drivesdk,baguette,ham,garlicherb,FALSE,basic,FALSE,0.53,0.32,0.08,0.00,0.16,0.00,1.09
IMG_8841.jpg,2025:05:30 09:33:13,https://drive.google.com/file/d/1wzk0SDlSAwsgq3oeRkCrOvXBgueQem2q/view?usp=drivesdk,baguette,ham,garlicherb,FALSE,basic,FALSE,0.53,0.32,0.08,0.00,0.16,0.00,1.09
IMG_8848.jpg,2025:05:31 14:10:05,https://drive.google.com/file/d/1-z11KS8Wy2WQ0IV3X3AGv9XmjADfLE12/view?usp=drivesdk,basic,ham,garlicherb,FALSE,basic,FALSE,0.21,0.32,0.08,0.00,0.16,0.00,0.76
IMG_9215.jpg,2025:06:09 14:21:07,https://drive.google.com/file/d/1-GYgp9Fk_V4P5Q53AizZypmvjOHDeNlf/view?usp=drivesdk,basic,bacon,garlicherb,TRUE,basic,FALSE,0.21,0.21,0.08,0.14,0.16,0.00,0.79
IMG_9216.jpg,2025:06:10 13:27:04,https://drive.google.com/file/d/1mVxqOibq4oVvbPylplvYMGvcfG5kd9eR/view?usp=drivesdk,basic,bacon,garlicherb,TRUE,basic,FALSE,0.21,0.21,0.08,0.14,0.16,0.00,0.79
IMG_9225.jpg,2025:06:11 14:59:41,https://drive.google.com/file/d/1pO5ax07dqZrGA855uUhsrT3EETYhE909/view?usp=drivesdk,basic,mackerel,,TRUE,basic,FALSE,0.21,0.76,0.00,0.14,0.16,0.00,1.27
IMG_9229.jpg,2025:06:12 12:44:35,https://drive.google.com/file/d/1tifJNhM3ChTKAPauL5Xuwh-0uZF-6S_w/view?usp=drivesdk,basic,bacon,redpesto,TRUE,basic,FALSE,0.21,0.21,0.05,0.14,0.16,0.00,0.76
IMG_9231.jpg,2025:06:13 15:20:53,https://drive.google.com/file/d/1bMpaZqIR4ayj0oTUlSmV8glSTcXrMREe/view?usp=drivesdk,basic,bacon,redpesto,TRUE,basic,FALSE,0.21,0.21,0.05,0.14,0.16,0.00,0.76
IMG_9235.jpg,2025:06:14 16:34:02,https://drive.google.com/file/d/1Orloex6SoYRtJM12fLD7rBwpaQ9aG083/view?usp=drivesdk,basic,bacon,burger,TRUE,basic,FALSE,0.21,0.21,0.10,0.14,0.16,0.00,0.82
IMG_9249.jpg,2025:06:15 14:01:07,https://drive.google.com/file/d/1Sc43AJEsMorYsWidbTqeMwamhiMrcpTr/view?usp=drivesdk,baguette,bacon,burger,TRUE,basic,FALSE,0.53,0.21,0.10,0.14,0.16,0.00,1.14
IMG_9251.jpg,2025:06:16 16:48:35,https://drive.google.com/file/d/1Wqy1m6P4XdLnnuFXCb5fTjv5fYVdA32v/view?usp=drivesdk,baguette,bacon,burger,TRUE,basic,FALSE,0.53,0.21,0.10,0.14,0.16,0.00,1.14
IMG_9252.jpg,2025:06:17 13:47:25,https://drive.google.com/file/d/17LPU6H7CDcHevuUJcnFjFpGnnNgFLL6s/view?usp=drivesdk,baguette,bacon,burger,TRUE,basic,FALSE,0.53,0.21,0.10,0.14,0.16,0.00,1.14
IMG_9308.jpg,2025:06:22 13:43:31,https://drive.google.com/file/d/1Jk-EBC13h-_z9HdOmshog0VFyuF_IgB2/view?usp=drivesdk,hotdogroll,sausage,burger,TRUE,with_tomatoes,FALSE,0.33,0.55,0.10,0.14,0.24,0.00,1.35
IMG_9310.jpg,2025:06:23 14:47:33,https://drive.google.com/file/d/1gfXvv047U04IF2s7XenufsFxsUac13Mm/view?usp=drivesdk,hotdogroll,sausage,burger,TRUE,basic,FALSE,0.33,0.55,0.10,0.14,0.16,0.00,1.28
IMG_9313.jpg,2025:06:24 14:37:45,https://drive.google.com/file/d/1L-MjeypPTN18ez44nh5MuMwDXJw5peN8/view?usp=drivesdk,hotdogroll,sausage,burger,TRUE,basic,FALSE,0.33,0.55,0.10,0.14,0.16,0.00,1.28
IMG_9315.jpg,2025:06:25 11:48:56,https://drive.google.com/file/d/1nnGfgS3iTV1oejU0nD-3nrfoRw5xYJnC/view?usp=drivesdk,hotdogroll,sausage,burger,TRUE,basic,FALSE,0.33,0.55,0.10,0.14,0.16,0.00,1.28
IMG_9323.jpg,2025:06:27 06:17:06,https://drive.google.com/file/d/1v1TerJmaUUQqVc9bo4nFwSokFsbFSQST/view?usp=drivesdk,hotdogroll,sausage,burger,FALSE,basic,FALSE,0.33,0.55,0.10,0.00,0.16,0.00,1.13
IMG_9395.jpg,2025:06:29 14:53:53,https://drive.google.com/file/d/1HslMN0aH9DkK8H9wDiCrecU_mBBaWaYt/view?usp=drivesdk,hotdogroll,sausage,burger,FALSE,basic,FALSE,0.33,0.55,0.10,0.00,0.16,0.00,1.13
IMG_9397.jpg,2025:06:30 12:22:19,https://drive.google.com/file/d/1EkKoTkzyiClGGsZNVHCGfXJkP4yAQYs_/view?usp=drivesdk,hotdogroll,sausage,burger,FALSE,basic,FALSE,0.33,0.55,0.10,0.00,0.16,0.00,1.13
IMG_9403.jpg,2025:07:01 15:16:11,https://drive.google.com/file/d/1h_h7JLUgsqM88_aXfjbgeoL6ldGPGcsA/view?usp=drivesdk,hotdogroll,sausage,burger,FALSE,basic,FALSE,0.33,0.55,0.10,0.00,0.16,0.00,1.13
IMG_9477.jpg,2025:07:06 15:55:00,https://drive.google.com/file/d/1rVRYD7YiTsxB7dsQJK-GaObFv7iM9tCV/view?usp=drivesdk,hotdogroll,sausage,burger,FALSE,basic,FALSE,0.33,0.55,0.10,0.00,0.16,0.00,1.13
IMG_9480.jpg,2025:07:07 21:22:41,https://drive.google.com/file/d/1HF0ucwNL3yuHYYuWqjPGReZ2G5Zkk2-I/view?usp=drivesdk,burgerbun,bacon,burger,TRUE,basic,FALSE,0.25,0.21,0.10,0.14,0.16,0.00,0.86
IMG_9482.jpg,2025:07:08 12:06:22,https://drive.google.com/file/d/16GLeFAkUSvQn1rMiy6GLJjHWEXgg7qbn/view?usp=drivesdk,burgerbun,bacon,burger,TRUE,basic,FALSE,0.25,0.21,0.10,0.14,0.16,0.00,0.86
IMG_9542.jpg,2025:07:10 20:37:10,https://drive.google.com/file/d/1S5PNLHqr9t1SHpUTCR0KO6Llp94wW3_D/view?usp=drivesdk,burgerbun,,burger,TRUE,basic,TRUE,0.25,0.00,0.10,0.14,0.16,0.14,0.79
IMG_9544.jpg,2025:07:11 16:35:21,https://drive.google.com/file/d/1lOZhoklXfLkieVk2Hj-4UdW8LbFiE5IW/view?usp=drivesdk,burgerbun,,burger,TRUE,basic,TRUE,0.25,0.00,0.10,0.14,0.16,0.14,0.79
IMG_9547.jpg,2025:07:12 20:46:51,https://drive.google.com/file/d/1w3sAMkJx8artBTDukV1h_acv1Ky3ZvDi/view?usp=drivesdk,burgerbun,bacon,burger,TRUE,basic,FALSE,0.25,0.21,0.10,0.14,0.16,0.00,0.86
IMG_9560.jpg,2025:07:15 13:02:10,https://drive.google.com/file/d/1XWY8F3wiRFGEuwtgws_VgSiVgFKDwln_/view?usp=drivesdk,bagel,,burger,TRUE,basic,FALSE,0.29,0.00,0.10,0.14,0.16,0.00,0.69
IMG_9571.jpg,2025:07:16 13:50:50,https://drive.google.com/file/d/1Epm4lVB3l3vSVSNNghqcYkh8yTfANWFN/view?usp=drivesdk,bagel,bacon,burger,TRUE,basic,FALSE,0.29,0.21,0.10,0.14,0.16,0.00,0.90
IMG_9575.jpg,2025:07:17 14:45:56,https://drive.google.com/file/d/1HUFQLYAZRcY2Pa0rApQWgAQImPRlSM29/view?usp=drivesdk,bagel,bacon,,TRUE,,FALSE,0.29,0.21,0.00,0.14,0.00,0.00,0.64
IMG_9579.jpg,2025:07:18 21:21:15,https://drive.google.com/file/d/1NA8sSYUbTh3_0PbjUAttIB3IUAKYmGCX/view?usp=drivesdk,bagel,bacon,burger,TRUE,basic,FALSE,0.29,0.21,0.10,0.14,0.16,0.00,0.90
IMG_9624.jpg,2025:07:20 15:18:52,https://drive.google.com/file/d/1zUtHmklkdI_8fU28dpfU0-0-sSVQ3rlY/view?usp=drivesdk,bagel,bacon,burger,TRUE,basic,FALSE,0.29,0.21,0.10,0.14,0.16,0.00,0.90
IMG_9627.jpg,2025:07:21 14:53:13,https://drive.google.com/file/d/1AHoYjdKmbdNjxXhmQQwrJY9lOirl1Vpa/view?usp=drivesdk,sourdough,bacon,,FALSE,basic,FALSE,0.45,0.21,0.00,0.00,0.16,0.00,0.82
IMG_9630.jpg,2025:07:22 16:46:48,https://drive.google.com/file/d/15AoRT8fpQvSMcLP8P9n3dz307wFg4eO6/view?usp=drivesdk,sourdough,sausage,burger,FALSE,basic,FALSE,0.45,0.55,0.10,0.00,0.16,0.00,1.26
IMG_9639.jpg,2025:07:23 21:26:22,https://drive.google.com/file/d/12vppg0_jkJHZuCzB4c-WYUPohjZA2U1l/view?usp=drivesdk,sourdough,sausage,burger,TRUE,basic,FALSE,0.45,0.55,0.10,0.14,0.16,0.00,1.40
IMG_9641.jpg,2025:07:25 13:10:03,https://drive.google.com/file/d/1fKsCo8IwxA6M2-fHiuUOdmpY57qS1cxN/view?usp=drivesdk,sourdough,sausage,burger,TRUE,basic,FALSE,0.45,0.55,0.10,0.14,0.16,0.00,1.40
IMG_9643.jpg,2025:07:26 09:30:23,https://drive.google.com/file/d/1FeRpBqVuM8nr9e06cJm9e1TIQ-KV3Zjl/view?usp=drivesdk,sourdough,sausage,burger,TRUE,basic,FALSE,0.45,0.55,0.10,0.14,0.16,0.00,1.40
IMG_9662.jpg,2025:07:28 10:42:36,https://drive.google.com/file/d/1z0sCNCDXQg-qxU-UzJ8qB8VfUvhgy-Ki/view?usp=drivesdk,sourdough,meatball,burger,TRUE,basic,TRUE,0.45,0.56,0.10,0.14,0.16,0.14,1.55
IMG_9665.jpg,2025:07:29 14:39:09,https://drive.google.com/file/d/1BX6WNEDoLCPByVWty1y_NzQXEBYsyM81/view?usp=drivesdk,sourdough,meatball,burger,TRUE,basic,TRUE,0.45,0.56,0.10,0.14,0.16,0.14,1.55
IMG_9670.jpg,2025:07:30 12:15:18,https://drive.google.com/file/d/1XXjLFnxsSHVIWZ6CjP25RQEhBUcVw0kK/view?usp=drivesdk,sourdough,meatball,burger,TRUE,basic,TRUE,0.45,0.56,0.10,0.14,0.16,0.14,1.55
IMG_9677.jpg,2025:07:31 20:37:26,https://drive.google.com/file/d/1vHBovAtAAzquAK8b6BhbC5RJQg30mxLy/view?usp=drivesdk,sourdough,meatball,burger,TRUE,basic,TRUE,0.45,0.56,0.10,0.14,0.16,0.14,1.55
IMG_9679.jpg,2025:08:01 19:50:17,https://drive.google.com/file/d/1A4IyJMh0tUiUnPAGA2TGG34sWap2CnXw/view?usp=drivesdk,burgerbun,meatball,burger,TRUE,basic,TRUE,0.25,0.56,0.10,0.14,0.16,0.14,1.35
IMG_9688.jpg,2025:08:02 20:50:12,https://drive.google.com/file/d/1JKLXwRP9Gbv1wFiKaKXUg9xnmt9Mi1Dm/view?usp=drivesdk,burgerbun,meatball,burger,TRUE,basic,TRUE,0.25,0.56,0.10,0.14,0.16,0.14,1.35
IMG_9691.jpg,2025:08:03 19:52:24,https://drive.google.com/file/d/1dQ1l6l1xqvrN3xNi6hZTN4d0CkFkTwww/view?usp=drivesdk,burgerbun,,,TRUE,basic,TRUE,0.25,0.00,0.00,0.14,0.16,0.14,0.69
IMG_9694.jpg,2025:08:04 21:06:05,https://drive.google.com/file/d/1O7cNlPKRckjgRhXNamtijoMaQdXKa2xn/view?usp=drivesdk,burgerbun,burger beef,burger,TRUE,basic,TRUE,0.25,0.81,0.10,0.14,0.16,0.14,1.60
IMG_9696.jpg,2025:08:05 12:30:23,https://drive.google.com/file/d/15jmZNo6ZFHxZhyUrKhpLAHVXs2rq-pvg/view?usp=drivesdk,burgerbun,burger beef,burger,TRUE,basic,TRUE,0.25,0.81,0.10,0.14,0.16,0.14,1.60
IMG_9700.jpg,2025:08:07 13:19:47,https://drive.google.com/file/d/1edbjIXkXCU9lhAkHe9wEf8-T--APn9O_/view?usp=drivesdk,burgerbun,burger beef,burger,TRUE,,TRUE,0.25,0.81,0.10,0.14,0.00,0.14,1.44
IMG_9703.jpg,2025:08:07 21:13:07,https://drive.google.com/file/d/10QL1JOzXHEvzO4RHsgQ7N3v_cnyiLJEF/view?usp=drivesdk,burgerbun,burger beef,burger,TRUE,basic,TRUE,0.25,0.81,0.10,0.14,0.16,0.14,1.60
IMG_9705.jpg,2025:08:09 12:30:12,https://drive.google.com/file/d/13jCJbFN_xNmDanKSqsJF7cOxptqdQJeE/view?usp=drivesdk,basic,meatball,burger,TRUE,basic,TRUE,0.21,0.56,0.10,0.14,0.16,0.14,1.31
IMG_9713.jpg,2025:08:10 15:05:39,https://drive.google.com/file/d/1sRBv8eIo-13skYNXEI7Sn4IzP2cADaU9/view?usp=drivesdk,basic,meatball,burger,TRUE,basic,TRUE,0.21,0.56,0.10,0.14,0.16,0.14,1.31
IMG_9718.jpg,2025:08:11 13:50:20,https://drive.google.com/file/d/1EJiVAyi28OSpuQ6jlFD-MBr_mqiLQkGD/view?usp=drivesdk,basic,meatball,burger,TRUE,basic,TRUE,0.21,0.56,0.10,0.14,0.16,0.14,1.31
IMG_9721.jpg,2025:08:12 12:16:09,https://drive.google.com/file/d/12nHUE9nKhcaQcRG2_0LSHAcOa43TxOia/view?usp=drivesdk,basic,meatball,burger,TRUE,basic,TRUE,0.21,0.56,0.10,0.14,0.16,0.14,1.31
IMG_9738.jpg,2025:08:14 16:03:38,https://drive.google.com/file/d/13r3U-5uNrD8e2AsJ7-SgruylwUJsUgG-/view?usp=drivesdk,basic,meatball,burger,TRUE,basic,TRUE,0.21,0.56,0.10,0.14,0.16,0.14,1.31
IMG_9741.jpg,2025:08:16 13:01:14,https://drive.google.com/file/d/1nbMAl1pqmntvXeJd6KEkxs_u33phExgz/view?usp=drivesdk,basic,pork mince,burger,TRUE,basic,TRUE,0.21,0.33,0.10,0.14,0.16,0.14,1.08
IMG_9743.jpg,2025:08:17 13:19:50,https://drive.google.com/file/d/13kEes9UyjxQJMlsPwJiz3ypNdAazFYay/view?usp=drivesdk,wrap,pork mince,redpesto,TRUE,basic,TRUE,0.16,0.33,0.05,0.14,0.16,0.14,0.98
IMG_9748.jpg,2025:08:18 14:48:08,https://drive.google.com/file/d/1n4fkaDZowtktRQgT2jCRvzJ7-H2lD70Y/view?usp=drivesdk,wrap,meatball,redpesto,TRUE,basic,TRUE,0.16,0.56,0.05,0.14,0.16,0.14,1.21
IMG_9771.jpg,2025:08:19 20:05:56,https://drive.google.com/file/d/12HZfL9vE-Uk6bpQqnygbLPYn5DxFczrB/view?usp=drivesdk,wrap,meatball,redpesto,TRUE,basic,TRUE,0.16,0.56,0.05,0.14,0.16,0.14,1.21
IMG_9937.jpg,2025:08:25 14:44:34,https://drive.google.com/file/d/1_N7tggH9xXWB-yU_YUyP5KupnChg5Q7A/view?usp=drivesdk,wrap,pork mince,redpesto,TRUE,basic,TRUE,0.16,0.33,0.05,0.14,0.16,0.14,0.98
IMG_9942.jpg,2025:08:26 17:08:52,https://drive.google.com/file/d/1GYiBe1dxojko2buzbKQMyGR9QBy4W1T5/view?usp=drivesdk,wrap,pork mince,cheese,TRUE,basic,TRUE,0.16,0.33,0.10,0.14,0.16,0.14,1.03
IMG_9947.jpg,2025:08:27 14:07:51,https://drive.google.com/file/d/1NA2ZyrpLjTc4_PS6AvBG1mYFUwU9l2bX/view?usp=drivesdk,basic,burger beef,cheese,TRUE,basic,TRUE,0.21,0.81,0.10,0.14,0.16,0.14,1.56
IMG_9954.jpg,2025:08:28 15:10:46,https://drive.google.com/file/d/1RC3pmOS7LGynKdvlZNABZxNJUBXbFOsz/view?usp=drivesdk,basic,burger beef,cheese,TRUE,basic,TRUE,0.21,0.81,0.10,0.14,0.16,0.14,1.56
IMG_9986.jpg,2025:08:30 11:16:59,https://drive.google.com/file/d/1oMKEwIH2bwF8yeg7FXwv0y4yr-2Dff1b/view?usp=drivesdk,basic,burger beef,cheese,TRUE,basic,TRUE,0.21,0.81,0.10,0.14,0.16,0.14,1.56
IMG_9993.jpg,2025:08:31 14:43:59,https://drive.google.com/file/d/1-S5QNh55v6DJ1-6dgbemmjyfQbFgezQW/view?usp=drivesdk,basic,burger beef,cheese,TRUE,basic,TRUE,0.21,0.81,0.10,0.14,0.16,0.14,1.56
IMG_9999.jpg,2025:09:01 15:47:05,https://drive.google.com/file/d/10NSeVUMbIEOBsjHdvn1luC-uZ0xGAmjL/view?usp=drivesdk,basic,burger beef,katsu,TRUE,basic,TRUE,0.21,0.81,0.11,0.14,0.16,0.14,1.57